date,sequence,task_type,stage,title,title_core,relative_path,absolute_path
2025-10-07,1,implementation,项目总结,2025-10-07_【implementation】MVP项目初始化-项目总结,MVP项目初始化,2025-10/2025-10-07_【implementation】MVP项目初始化-项目总结.md,/home/qiao/Desktop/Git Repo/Creating-Systematology-RAG/agent-task-log/2025-10/2025-10-07_【implementation】MVP项目初始化-项目总结.md
2025-10-09,1,bugfix,快速摘要,2025-10-09-1_【bugfix】测试修复与DeepSeek集成-快速摘要,测试修复与DeepSeek集成,2025-10/2025-10-09-1_【bugfix】测试修复与DeepSeek集成-快速摘要.md,/home/qiao/Desktop/Git Repo/Creating-Systematology-RAG/agent-task-log/2025-10/2025-10-09-1_【bugfix】测试修复与DeepSeek集成-快速摘要.md
2025-10-09,1,bugfix,详细过程,2025-10-09-1_【bugfix】测试修复与DeepSeek集成-详细过程,测试修复与DeepSeek集成,2025-10/2025-10-09-1_【bugfix】测试修复与DeepSeek集成-详细过程.md,/home/qiao/Desktop/Git Repo/Creating-Systematology-RAG/agent-task-log/2025-10/2025-10-09-1_【bugfix】测试修复与DeepSeek集成-详细过程.md
2025-10-09,2,bugfix,快速摘要,2025-10-09-2_【bugfix】测试修复-编码与Mock优化-快速摘要,测试修复-编码与Mock优化,2025-10/2025-10-09-2_【bugfix】测试修复-编码与Mock优化-快速摘要.md,/home/qiao/Desktop/Git Repo/Creating-Systematology-RAG/agent-task-log/2025-10/2025-10-09-2_【bugfix】测试修复-编码与Mock优化-快速摘要.md
2025-10-09,2,bugfix,详细过程,2025-10-09-2_【bugfix】测试修复-编码与Mock优化-详细过程,测试修复-编码与Mock优化,2025-10/2025-10-09-2_【bugfix】测试修复-编码与Mock优化-详细过程.md,/home/qiao/Desktop/Git Repo/Creating-Systematology-RAG/agent-task-log/2025-10/2025-10-09-2_【bugfix】测试修复-编码与Mock优化-详细过程.md
2025-10-09,3,bugfix,快速摘要,2025-10-09-3_【bugfix】Windows-Make工具安装与Makefile配置-快速摘要,Windows-Make工具安装与Makefile配置,2025-10/2025-10-09-3_【bugfix】Windows-Make工具安装与Makefile配置-快速摘要.md,/home/qiao/Desktop/Git Repo/Creating-Systematology-RAG/agent-task-log/2025-10/2025-10-09-3_【bugfix】Windows-Make工具安装与Makefile配置-快速摘要.md
2025-10-09,3,implementation,详细过程,2025-10-09-3_【implementation】Windows-Make工具安装与Makefile配置-详细过程,Windows-Make工具安装与Makefile配置,2025-10/2025-10-09-3_【implementation】Windows-Make工具安装与Makefile配置-详细过程.md,/home/qiao/Desktop/Git Repo/Creating-Systematology-RAG/agent-task-log/2025-10/2025-10-09-3_【implementation】Windows-Make工具安装与Makefile配置-详细过程.md
2025-10-10,1,implementation,详细过程,2025-10-10-1_【implementation】GitHub数据源集成-详细过程,GitHub数据源集成,2025-10/2025-10-10-1_【implementation】GitHub数据源集成-详细过程.md,/home/qiao/Desktop/Git Repo/Creating-Systematology-RAG/agent-task-log/2025-10/2025-10-10-1_【implementation】GitHub数据源集成-详细过程.md
2025-10-10,1,plan,实施方案,2025-10-10-1_【plan】GitHub数据源集成-实施方案,GitHub数据源集成,2025-10/2025-10-10-1_【plan】GitHub数据源集成-实施方案.md,/home/qiao/Desktop/Git Repo/Creating-Systematology-RAG/agent-task-log/2025-10/2025-10-10-1_【plan】GitHub数据源集成-实施方案.md
2025-10-10,2,implementation,详细过程,2025-10-10-2_【implementation】功能增强-进度条日志UI-详细过程,功能增强-进度条日志UI,2025-10/2025-10-10-2_【implementation】功能增强-进度条日志UI-详细过程.md,/home/qiao/Desktop/Git Repo/Creating-Systematology-RAG/agent-task-log/2025-10/2025-10-10-2_【implementation】功能增强-进度条日志UI-详细过程.md
2025-10-10,2,plan,实施方案,2025-10-10-2_【plan】功能增强-进度条日志UI-实施方案,功能增强-进度条日志UI,2025-10/2025-10-10-2_【plan】功能增强-进度条日志UI-实施方案.md,/home/qiao/Desktop/Git Repo/Creating-Systematology-RAG/agent-task-log/2025-10/2025-10-10-2_【plan】功能增强-进度条日志UI-实施方案.md
2025-10-10,3,implementation,完成总结,2025-10-10-3_【implementation】GitHub增量更新实施-完成总结,GitHub增量更新实施,2025-10/2025-10-10-3_【implementation】GitHub增量更新实施-完成总结.md,/home/qiao/Desktop/Git Repo/Creating-Systematology-RAG/agent-task-log/2025-10/2025-10-10-3_【implementation】GitHub增量更新实施-完成总结.md
2025-10-10,3,implementation,实施总结,2025-10-10-3_【implementation】会话自动持久化增强-实施总结,会话自动持久化增强,2025-10/2025-10-10-3_【implementation】会话自动持久化增强-实施总结.md,/home/qiao/Desktop/Git Repo/Creating-Systematology-RAG/agent-task-log/2025-10/2025-10-10-3_【implementation】会话自动持久化增强-实施总结.md
2025-10-10,3,plan,实施方案,2025-10-10-3_【plan】维基百科集成-实施方案,维基百科集成,2025-10/2025-10-10-3_【plan】维基百科集成-实施方案.md,/home/qiao/Desktop/Git Repo/Creating-Systematology-RAG/agent-task-log/2025-10/2025-10-10-3_【plan】维基百科集成-实施方案.md
2025-10-10,4,implementation,实施总结,2025-10-10-4_【implementation】UI优化与热加载增强-实施总结,UI优化与热加载增强,2025-10/2025-10-10-4_【implementation】UI优化与热加载增强-实施总结.md,/home/qiao/Desktop/Git Repo/Creating-Systematology-RAG/agent-task-log/2025-10/2025-10-10-4_【implementation】UI优化与热加载增强-实施总结.md
2025-10-10,5,implementation,实施总结,2025-10-10-5_【implementation】Web流式输出改造-实施总结,Web流式输出改造,2025-10/2025-10-10-5_【implementation】Web流式输出改造-实施总结.md,/home/qiao/Desktop/Git Repo/Creating-Systematology-RAG/agent-task-log/2025-10/2025-10-10-5_【implementation】Web流式输出改造-实施总结.md
2025-10-12,1,bugfix,实施总结,2025-10-12_【bugfix】RAG可观测性集成-实施总结,RAG可观测性集成,2025-10/2025-10-12_【bugfix】RAG可观测性集成-实施总结.md,/home/qiao/Desktop/Git Repo/Creating-Systematology-RAG/agent-task-log/2025-10/2025-10-12_【bugfix】RAG可观测性集成-实施总结.md
2025-10-12,1,bugfix,实施总结,2025-10-12_【bugfix】修复query返回值不匹配问题-实施总结,修复query返回值不匹配问题,2025-10/2025-10-12_【bugfix】修复query返回值不匹配问题-实施总结.md,/home/qiao/Desktop/Git Repo/Creating-Systematology-RAG/agent-task-log/2025-10/2025-10-12_【bugfix】修复query返回值不匹配问题-实施总结.md
2025-10-12,1,bugfix,实施总结,2025-10-12_【bugfix】测试代码归类整理-实施总结,测试代码归类整理,2025-10/2025-10-12_【bugfix】测试代码归类整理-实施总结.md,/home/qiao/Desktop/Git Repo/Creating-Systematology-RAG/agent-task-log/2025-10/2025-10-12_【bugfix】测试代码归类整理-实施总结.md
2025-10-12,1,implementation,完成总结,2025-10-12_【implementation】GitHub数据源架构重构-完成总结,GitHub数据源架构重构,2025-10/2025-10-12_【implementation】GitHub数据源架构重构-完成总结.md,/home/qiao/Desktop/Git Repo/Creating-Systematology-RAG/agent-task-log/2025-10/2025-10-12_【implementation】GitHub数据源架构重构-完成总结.md
2025-10-12,1,implementation,实施总结,2025-10-12_【implementation】HuggingFace镜像与离线模式配置-实施总结,HuggingFace镜像与离线模式配置,2025-10/2025-10-12_【implementation】HuggingFace镜像与离线模式配置-实施总结.md,/home/qiao/Desktop/Git Repo/Creating-Systematology-RAG/agent-task-log/2025-10/2025-10-12_【implementation】HuggingFace镜像与离线模式配置-实施总结.md
2025-10-12,1,plan,实施方案,2025-10-12_【plan】GitHub数据源架构重构-实施方案,GitHub数据源架构重构,2025-10/2025-10-12_【plan】GitHub数据源架构重构-实施方案.md,/home/qiao/Desktop/Git Repo/Creating-Systematology-RAG/agent-task-log/2025-10/2025-10-12_【plan】GitHub数据源架构重构-实施方案.md
2025-10-14,1,implementation,快速摘要,2025-10-14-1_【implementation】RAG推理能力增强-快速摘要,RAG推理能力增强,2025-10/2025-10-14-1_【implementation】RAG推理能力增强-快速摘要.md,/home/qiao/Desktop/Git Repo/Creating-Systematology-RAG/agent-task-log/2025-10/2025-10-14-1_【implementation】RAG推理能力增强-快速摘要.md
2025-10-14,1,implementation,详细过程,2025-10-14-1_【implementation】RAG推理能力增强-详细过程,RAG推理能力增强,2025-10/2025-10-14-1_【implementation】RAG推理能力增强-详细过程.md,/home/qiao/Desktop/Git Repo/Creating-Systematology-RAG/agent-task-log/2025-10/2025-10-14-1_【implementation】RAG推理能力增强-详细过程.md
2025-10-14,1,bugfix,实施总结,2025-10-14_【bugfix】今日工作总结-实施总结,今日工作总结,2025-10/2025-10-14_【bugfix】今日工作总结-实施总结.md,/home/qiao/Desktop/Git Repo/Creating-Systematology-RAG/agent-task-log/2025-10/2025-10-14_【bugfix】今日工作总结-实施总结.md
2025-10-14,2,bugfix,实施总结,2025-10-14-2_【bugfix】UI布局重构-实施总结,UI布局重构,2025-10/2025-10-14-2_【bugfix】UI布局重构-实施总结.md,/home/qiao/Desktop/Git Repo/Creating-Systematology-RAG/agent-task-log/2025-10/2025-10-14-2_【bugfix】UI布局重构-实施总结.md
2025-10-14,3,bugfix,快速摘要,2025-10-14-3_【bugfix】索引持久化修复-快速摘要,索引持久化修复,2025-10/2025-10-14-3_【bugfix】索引持久化修复-快速摘要.md,/home/qiao/Desktop/Git Repo/Creating-Systematology-RAG/agent-task-log/2025-10/2025-10-14-3_【bugfix】索引持久化修复-快速摘要.md
2025-10-14,3,bugfix,详细过程,2025-10-14-3_【bugfix】索引持久化修复-详细过程,索引持久化修复,2025-10/2025-10-14-3_【bugfix】索引持久化修复-详细过程.md,/home/qiao/Desktop/Git Repo/Creating-Systematology-RAG/agent-task-log/2025-10/2025-10-14-3_【bugfix】索引持久化修复-详细过程.md
2025-10-14,3,implementation,实施总结,2025-10-14-3_【implementation】会话管理优化-实施总结,会话管理优化,2025-10/2025-10-14-3_【implementation】会话管理优化-实施总结.md,/home/qiao/Desktop/Git Repo/Creating-Systematology-RAG/agent-task-log/2025-10/2025-10-14-3_【implementation】会话管理优化-实施总结.md
2025-10-14,4,bugfix,实施总结,2025-10-14-4_【bugfix】UI居中与会话管理优化-实施总结,UI居中与会话管理优化,2025-10/2025-10-14-4_【bugfix】UI居中与会话管理优化-实施总结.md,/home/qiao/Desktop/Git Repo/Creating-Systematology-RAG/agent-task-log/2025-10/2025-10-14-4_【bugfix】UI居中与会话管理优化-实施总结.md
2025-10-14,5,bugfix,快速摘要,2025-10-14-5_【bugfix】Embedding模型缓存修复-快速摘要,Embedding模型缓存修复,2025-10/2025-10-14-5_【bugfix】Embedding模型缓存修复-快速摘要.md,/home/qiao/Desktop/Git Repo/Creating-Systematology-RAG/agent-task-log/2025-10/2025-10-14-5_【bugfix】Embedding模型缓存修复-快速摘要.md
2025-10-14,5,bugfix,快速摘要,2025-10-14-5_【bugfix】UI居中布局真修复-快速摘要,UI居中布局真修复,2025-10/2025-10-14-5_【bugfix】UI居中布局真修复-快速摘要.md,/home/qiao/Desktop/Git Repo/Creating-Systematology-RAG/agent-task-log/2025-10/2025-10-14-5_【bugfix】UI居中布局真修复-快速摘要.md
2025-10-14,5,bugfix,详细过程,2025-10-14-5_【bugfix】UI居中布局真修复-详细过程,UI居中布局真修复,2025-10/2025-10-14-5_【bugfix】UI居中布局真修复-详细过程.md,/home/qiao/Desktop/Git Repo/Creating-Systematology-RAG/agent-task-log/2025-10/2025-10-14-5_【bugfix】UI居中布局真修复-详细过程.md
2025-10-14,6,implementation,实施总结,2025-10-14-6_【implementation】GitHub导入移至设置页-实施总结,GitHub导入移至设置页,2025-10/2025-10-14-6_【implementation】GitHub导入移至设置页-实施总结.md,/home/qiao/Desktop/Git Repo/Creating-Systematology-RAG/agent-task-log/2025-10/2025-10-14-6_【implementation】GitHub导入移至设置页-实施总结.md
2025-10-14,7,plan,完整方案,2025-10-14-7_【plan】自动降温-完整方案,自动降温,2025-10/2025-10-14-7_【plan】自动降温-完整方案.md,/home/qiao/Desktop/Git Repo/Creating-Systematology-RAG/agent-task-log/2025-10/2025-10-14-7_【plan】自动降温-完整方案.md
2025-10-15,1,implementation,快速摘要,2025-10-15-1_【implementation】UI用户信息移至侧边栏-快速摘要,UI用户信息移至侧边栏,2025-10/2025-10-15-1_【implementation】UI用户信息移至侧边栏-快速摘要.md,/home/qiao/Desktop/Git Repo/Creating-Systematology-RAG/agent-task-log/2025-10/2025-10-15-1_【implementation】UI用户信息移至侧边栏-快速摘要.md
2025-10-15,2,implementation,实施总结,2025-10-15-2_【implementation】Claude风格UI大改造-实施总结,Claude风格UI大改造,2025-10/2025-10-15-2_【implementation】Claude风格UI大改造-实施总结.md,/home/qiao/Desktop/Git Repo/Creating-Systematology-RAG/agent-task-log/2025-10/2025-10-15-2_【implementation】Claude风格UI大改造-实施总结.md
2025-10-15,3,implementation,快速摘要,2025-10-15-3_【implementation】Claude风格UI配色完善-快速摘要,Claude风格UI配色完善,2025-10/2025-10-15-3_【implementation】Claude风格UI配色完善-快速摘要.md,/home/qiao/Desktop/Git Repo/Creating-Systematology-RAG/agent-task-log/2025-10/2025-10-15-3_【implementation】Claude风格UI配色完善-快速摘要.md
2025-10-22,1,plan,实施方案,2025-10-22-1_【plan】最小化PaaS部署-实施方案,最小化PaaS部署,2025-10/2025-10-22-1_【plan】最小化PaaS部署-实施方案.md,/home/qiao/Desktop/Git Repo/Creating-Systematology-RAG/agent-task-log/2025-10/2025-10-22-1_【plan】最小化PaaS部署-实施方案.md
2025-10-29,1,bugfix,快速摘要,2025-10-29-1_【bugfix】修复coverage依赖问题-快速摘要,修复coverage依赖问题,2025-10/2025-10-29-1_【bugfix】修复coverage依赖问题-快速摘要.md,/home/qiao/Desktop/Git Repo/Creating-Systematology-RAG/agent-task-log/2025-10/2025-10-29-1_【bugfix】修复coverage依赖问题-快速摘要.md
2025-10-29,2,plan,实施方案,2025-10-29-2_【plan】Embedding并行性能优化-实施方案,Embedding并行性能优化,2025-10/2025-10-29-2_【plan】Embedding并行性能优化-实施方案.md,/home/qiao/Desktop/Git Repo/Creating-Systematology-RAG/agent-task-log/2025-10/2025-10-29-2_【plan】Embedding并行性能优化-实施方案.md
2025-10-29,3,plan,实施方案,2025-10-29-3_【plan】数据加载架构重构-两层分离设计-实施方案,数据加载架构重构-两层分离设计,2025-10/2025-10-29-3_【plan】数据加载架构重构-两层分离设计-实施方案.md,/home/qiao/Desktop/Git Repo/Creating-Systematology-RAG/agent-task-log/2025-10/2025-10-29-3_【plan】数据加载架构重构-两层分离设计-实施方案.md
2025-10-29,4,implementation,实施总结,2025-10-29-4_【implementation】索引构建流程优化-实施总结,索引构建流程优化,2025-10/2025-10-29-4_【implementation】索引构建流程优化-实施总结.md,/home/qiao/Desktop/Git Repo/Creating-Systematology-RAG/agent-task-log/2025-10/2025-10-29-4_【implementation】索引构建流程优化-实施总结.md
2025-10-29,4,optimization,技术分析,2025-10-29-4_【optimization】索引构建流程优化分析-技术分析,索引构建流程优化分析,2025-10/2025-10-29-4_【optimization】索引构建流程优化分析-技术分析.md,/home/qiao/Desktop/Git Repo/Creating-Systematology-RAG/agent-task-log/2025-10/2025-10-29-4_【optimization】索引构建流程优化分析-技术分析.md
2025-10-29,5,bugfix,快速摘要,2025-10-29-5_【bugfix】Qwen3-Embedding模型加载错误修复-快速摘要,Qwen3-Embedding模型加载错误修复,2025-10/2025-10-29-5_【bugfix】Qwen3-Embedding模型加载错误修复-快速摘要.md,/home/qiao/Desktop/Git Repo/Creating-Systematology-RAG/agent-task-log/2025-10/2025-10-29-5_【bugfix】Qwen3-Embedding模型加载错误修复-快速摘要.md
2025-10-29,5,bugfix,说明,2025-10-29-5_【bugfix】模型切换缓存清理说明-说明,模型切换缓存清理说明,2025-10/2025-10-29-5_【bugfix】模型切换缓存清理说明-说明.md,/home/qiao/Desktop/Git Repo/Creating-Systematology-RAG/agent-task-log/2025-10/2025-10-29-5_【bugfix】模型切换缓存清理说明-说明.md
2025-10-29,5,implementation,快速摘要,2025-10-29-5_【implementation】嵌入模型更换为Qwen3-Embedding-快速摘要,嵌入模型更换为Qwen3-Embedding,2025-10/2025-10-29-5_【implementation】嵌入模型更换为Qwen3-Embedding-快速摘要.md,/home/qiao/Desktop/Git Repo/Creating-Systematology-RAG/agent-task-log/2025-10/2025-10-29-5_【implementation】嵌入模型更换为Qwen3-Embedding-快速摘要.md
2025-10-30,1,bugfix,详细过程,2025-10-30-1_【bugfix】GPU加速配置与UV环境冲突解决-详细过程,GPU加速配置与UV环境冲突解决,2025-10/2025-10-30-1_【bugfix】GPU加速配置与UV环境冲突解决-详细过程.md,/home/qiao/Desktop/Git Repo/Creating-Systematology-RAG/agent-task-log/2025-10/2025-10-30-1_【bugfix】GPU加速配置与UV环境冲突解决-详细过程.md
2025-10-30,1,bugfix,快速摘要,2025-10-30-1_【bugfix】索引批模式条件修复-快速摘要,索引批模式条件修复,2025-10/2025-10-30-1_【bugfix】索引批模式条件修复-快速摘要.md,/home/qiao/Desktop/Git Repo/Creating-Systematology-RAG/agent-task-log/2025-10/2025-10-30-1_【bugfix】索引批模式条件修复-快速摘要.md
2025-10-30,1,implementation,快速摘要,2025-10-30-1_【implementation】GPU加速配置与UV环境冲突解决-快速摘要,GPU加速配置与UV环境冲突解决,2025-10/2025-10-30-1_【implementation】GPU加速配置与UV环境冲突解决-快速摘要.md,/home/qiao/Desktop/Git Repo/Creating-Systematology-RAG/agent-task-log/2025-10/2025-10-30-1_【implementation】GPU加速配置与UV环境冲突解决-快速摘要.md
2025-10-30,1,analysis,未标注,2025-10-30_【analysis】Chroma后台线程问题诊断与解决方案-解决方案,Chroma后台线程问题诊断与解决方案-解决方案,2025-10/2025-10-30_【analysis】Chroma后台线程问题诊断与解决方案-解决方案.md,/home/qiao/Desktop/Git Repo/Creating-Systematology-RAG/agent-task-log/2025-10/2025-10-30_【analysis】Chroma后台线程问题诊断与解决方案-解决方案.md
2025-10-30,1,bugfix,测试报告,2025-10-30_【bugfix】UTF8编码支持实现与测试报告-测试报告,UTF8编码支持实现与测试报告,2025-10/2025-10-30_【bugfix】UTF8编码支持实现与测试报告-测试报告.md,/home/qiao/Desktop/Git Repo/Creating-Systematology-RAG/agent-task-log/2025-10/2025-10-30_【bugfix】UTF8编码支持实现与测试报告-测试报告.md
2025-10-30,2,bugfix,快速摘要,2025-10-30-2_【bugfix】修复Git子进程环境变量继承问题-快速摘要,修复Git子进程环境变量继承问题,2025-10/2025-10-30-2_【bugfix】修复Git子进程环境变量继承问题-快速摘要.md,/home/qiao/Desktop/Git Repo/Creating-Systematology-RAG/agent-task-log/2025-10/2025-10-30-2_【bugfix】修复Git子进程环境变量继承问题-快速摘要.md
2025-10-30,3,bugfix,快速摘要,2025-10-30-3_【bugfix】修复Git环境变量继承再次确认-快速摘要,修复Git环境变量继承再次确认,2025-10/2025-10-30-3_【bugfix】修复Git环境变量继承再次确认-快速摘要.md,/home/qiao/Desktop/Git Repo/Creating-Systematology-RAG/agent-task-log/2025-10/2025-10-30-3_【bugfix】修复Git环境变量继承再次确认-快速摘要.md
2025-10-30,4,bugfix,任务总结,2025-10-30-4_【bugfix】Embedding维度不匹配修复-任务总结,Embedding维度不匹配修复,2025-10/2025-10-30-4_【bugfix】Embedding维度不匹配修复-任务总结.md,/home/qiao/Desktop/Git Repo/Creating-Systematology-RAG/agent-task-log/2025-10/2025-10-30-4_【bugfix】Embedding维度不匹配修复-任务总结.md
2025-10-30,4,bugfix,快速摘要,2025-10-30-4_【bugfix】Embedding维度不匹配修复-快速摘要,Embedding维度不匹配修复,2025-10/2025-10-30-4_【bugfix】Embedding维度不匹配修复-快速摘要.md,/home/qiao/Desktop/Git Repo/Creating-Systematology-RAG/agent-task-log/2025-10/2025-10-30-4_【bugfix】Embedding维度不匹配修复-快速摘要.md
2025-10-30,4,bugfix,详细过程,2025-10-30-4_【bugfix】Embedding维度不匹配修复-详细过程,Embedding维度不匹配修复,2025-10/2025-10-30-4_【bugfix】Embedding维度不匹配修复-详细过程.md,/home/qiao/Desktop/Git Repo/Creating-Systematology-RAG/agent-task-log/2025-10/2025-10-30-4_【bugfix】Embedding维度不匹配修复-详细过程.md
2025-10-30,6,implementation,完成总结,2025-10-30-6_【implementation】批处理分组与E2E测试优化-完成总结,批处理分组与E2E测试优化,2025-10/2025-10-30-6_【implementation】批处理分组与E2E测试优化-完成总结.md,/home/qiao/Desktop/Git Repo/Creating-Systematology-RAG/agent-task-log/2025-10/2025-10-30-6_【implementation】批处理分组与E2E测试优化-完成总结.md
2025-10-31,1,implementation,快速摘要,2025-10-31-1_【implementation】TRACKER补充-快速摘要,TRACKER补充,2025-10/2025-10-31-1_【implementation】TRACKER补充-快速摘要.md,/home/qiao/Desktop/Git Repo/Creating-Systematology-RAG/agent-task-log/2025-10/2025-10-31-1_【implementation】TRACKER补充-快速摘要.md
2025-10-31,1,implementation,快速摘要,2025-10-31-1_【implementation】左侧栏新增新对话按钮-快速摘要,左侧栏新增新对话按钮,2025-10/2025-10-31-1_【implementation】左侧栏新增新对话按钮-快速摘要.md,/home/qiao/Desktop/Git Repo/Creating-Systematology-RAG/agent-task-log/2025-10/2025-10-31-1_【implementation】左侧栏新增新对话按钮-快速摘要.md
2025-10-31,1,implementation,快速摘要,2025-10-31-1_【implementation】聊天输入UI优化-快速摘要,聊天输入UI优化,2025-10/2025-10-31-1_【implementation】聊天输入UI优化-快速摘要.md,/home/qiao/Desktop/Git Repo/Creating-Systematology-RAG/agent-task-log/2025-10/2025-10-31-1_【implementation】聊天输入UI优化-快速摘要.md
2025-10-31,2,bugfix,快速摘要,2025-10-31-2_【bugfix】空回应诊断与后处理流程-快速摘要,空回应诊断与后处理流程,2025-10/2025-10-31-2_【bugfix】空回应诊断与后处理流程-快速摘要.md,/home/qiao/Desktop/Git Repo/Creating-Systematology-RAG/agent-task-log/2025-10/2025-10-31-2_【bugfix】空回应诊断与后处理流程-快速摘要.md
2025-10-31,2,implementation,快速摘要,2025-10-31-2_【implementation】Phoenix默认启动-快速摘要,Phoenix默认启动,2025-10/2025-10-31-2_【implementation】Phoenix默认启动-快速摘要.md,/home/qiao/Desktop/Git Repo/Creating-Systematology-RAG/agent-task-log/2025-10/2025-10-31-2_【implementation】Phoenix默认启动-快速摘要.md
2025-10-31,2,implementation,快速摘要,2025-10-31-2_【implementation】侧边栏布局与标题调整-快速摘要,侧边栏布局与标题调整,2025-10/2025-10-31-2_【implementation】侧边栏布局与标题调整-快速摘要.md,/home/qiao/Desktop/Git Repo/Creating-Systematology-RAG/agent-task-log/2025-10/2025-10-31-2_【implementation】侧边栏布局与标题调整-快速摘要.md
2025-10-31,3,bugfix,实施总结,2025-10-31-3_【bugfix】方案A落地与日志增强-实施总结,方案A落地与日志增强,2025-10/2025-10-31-3_【bugfix】方案A落地与日志增强-实施总结.md,/home/qiao/Desktop/Git Repo/Creating-Systematology-RAG/agent-task-log/2025-10/2025-10-31-3_【bugfix】方案A落地与日志增强-实施总结.md
2025-10-31,3,implementation,快速摘要,2025-10-31-3_【implementation】关闭右下角实时日志-快速摘要,关闭右下角实时日志,2025-10/2025-10-31-3_【implementation】关闭右下角实时日志-快速摘要.md,/home/qiao/Desktop/Git Repo/Creating-Systematology-RAG/agent-task-log/2025-10/2025-10-31-3_【implementation】关闭右下角实时日志-快速摘要.md
2025-10-31,3,implementation,快速摘要,2025-10-31-3_【implementation】本地导入迁移到数据源管理-快速摘要,本地导入迁移到数据源管理,2025-10/2025-10-31-3_【implementation】本地导入迁移到数据源管理-快速摘要.md,/home/qiao/Desktop/Git Repo/Creating-Systematology-RAG/agent-task-log/2025-10/2025-10-31-3_【implementation】本地导入迁移到数据源管理-快速摘要.md
2025-10-31,4,bugfix,快速摘要,2025-10-31-4_【bugfix】RAG链路与技术栈梳理-快速摘要,RAG链路与技术栈梳理,2025-10/2025-10-31-4_【bugfix】RAG链路与技术栈梳理-快速摘要.md,/home/qiao/Desktop/Git Repo/Creating-Systematology-RAG/agent-task-log/2025-10/2025-10-31-4_【bugfix】RAG链路与技术栈梳理-快速摘要.md
2025-10-31,4,implementation,快速摘要,2025-10-31-4_【implementation】数据源管理顺序调整与移除目录导入-快速摘要,数据源管理顺序调整与移除目录导入,2025-10/2025-10-31-4_【implementation】数据源管理顺序调整与移除目录导入-快速摘要.md,/home/qiao/Desktop/Git Repo/Creating-Systematology-RAG/agent-task-log/2025-10/2025-10-31-4_【implementation】数据源管理顺序调整与移除目录导入-快速摘要.md
2025-10-31,4,implementation,快速摘要,2025-10-31-4_【implementation】方案A启动遮罩-快速摘要,方案A启动遮罩,2025-10/2025-10-31-4_【implementation】方案A启动遮罩-快速摘要.md,/home/qiao/Desktop/Git Repo/Creating-Systematology-RAG/agent-task-log/2025-10/2025-10-31-4_【implementation】方案A启动遮罩-快速摘要.md
2025-10-31,5,bugfix,快速摘要,2025-10-31-5_【bugfix】None评分判定修复与日志增强-快速摘要,None评分判定修复与日志增强,2025-10/2025-10-31-5_【bugfix】None评分判定修复与日志增强-快速摘要.md,/home/qiao/Desktop/Git Repo/Creating-Systematology-RAG/agent-task-log/2025-10/2025-10-31-5_【bugfix】None评分判定修复与日志增强-快速摘要.md
2025-10-31,5,bugfix,快速摘要,2025-10-31-5_【bugfix】索引维度异常诊断-快速摘要,索引维度异常诊断,2025-10/2025-10-31-5_【bugfix】索引维度异常诊断-快速摘要.md,/home/qiao/Desktop/Git Repo/Creating-Systematology-RAG/agent-task-log/2025-10/2025-10-31-5_【bugfix】索引维度异常诊断-快速摘要.md
2025-10-31,5,implementation,快速摘要,2025-10-31-5_【implementation】GitHub同步按钮迁移到仓库项-快速摘要,GitHub同步按钮迁移到仓库项,2025-10/2025-10-31-5_【implementation】GitHub同步按钮迁移到仓库项-快速摘要.md,/home/qiao/Desktop/Git Repo/Creating-Systematology-RAG/agent-task-log/2025-10/2025-10-31-5_【implementation】GitHub同步按钮迁移到仓库项-快速摘要.md
2025-10-31,5,implementation,快速摘要,2025-10-31-5_【implementation】启动遮罩文案与图标-快速摘要,启动遮罩文案与图标,2025-10/2025-10-31-5_【implementation】启动遮罩文案与图标-快速摘要.md,/home/qiao/Desktop/Git Repo/Creating-Systematology-RAG/agent-task-log/2025-10/2025-10-31-5_【implementation】启动遮罩文案与图标-快速摘要.md
2025-10-31,6,bugfix,快速摘要,2025-10-31-6_【bugfix】开发者工具默认开启与自动启动Phoenix-快速摘要,开发者工具默认开启与自动启动Phoenix,2025-10/2025-10-31-6_【bugfix】开发者工具默认开启与自动启动Phoenix-快速摘要.md,/home/qiao/Desktop/Git Repo/Creating-Systematology-RAG/agent-task-log/2025-10/2025-10-31-6_【bugfix】开发者工具默认开启与自动启动Phoenix-快速摘要.md
2025-10-31,6,implementation,实施摘要,2025-10-31-6_【implementation】方案B-实时日志与Phoenix-实施摘要,方案B-实时日志与Phoenix,2025-10/2025-10-31-6_【implementation】方案B-实时日志与Phoenix-实施摘要.md,/home/qiao/Desktop/Git Repo/Creating-Systematology-RAG/agent-task-log/2025-10/2025-10-31-6_【implementation】方案B-实时日志与Phoenix-实施摘要.md
2025-10-31,6,implementation,快速摘要,2025-10-31-6_【implementation】聊天历史间距调整-快速摘要,聊天历史间距调整,2025-10/2025-10-31-6_【implementation】聊天历史间距调整-快速摘要.md,/home/qiao/Desktop/Git Repo/Creating-Systematology-RAG/agent-task-log/2025-10/2025-10-31-6_【implementation】聊天历史间距调整-快速摘要.md
2025-10-31,7,bugfix,检查报告,2025-10-31-7_【bugfix】代码库检查与修复-检查报告,代码库检查与修复,2025-10/2025-10-31-7_【bugfix】代码库检查与修复-检查报告.md,/home/qiao/Desktop/Git Repo/Creating-Systematology-RAG/agent-task-log/2025-10/2025-10-31-7_【bugfix】代码库检查与修复-检查报告.md
2025-10-31,7,implementation,实施摘要,2025-10-31-7_【implementation】Chroma可视化页面-实施摘要,Chroma可视化页面,2025-10/2025-10-31-7_【implementation】Chroma可视化页面-实施摘要.md,/home/qiao/Desktop/Git Repo/Creating-Systematology-RAG/agent-task-log/2025-10/2025-10-31-7_【implementation】Chroma可视化页面-实施摘要.md
2025-10-31,7,implementation,快速摘要,2025-10-31-7_【implementation】设置页“系统设置”改名为“系统状态”-快速摘要,设置页“系统设置”改名为“系统状态”,2025-10/2025-10-31-7_【implementation】设置页“系统设置”改名为“系统状态”-快速摘要.md,/home/qiao/Desktop/Git Repo/Creating-Systematology-RAG/agent-task-log/2025-10/2025-10-31-7_【implementation】设置页“系统设置”改名为“系统状态”-快速摘要.md
2025-10-31,8,bugfix,快速摘要,2025-10-31-8_【bugfix】RAG架构演进评估-快速摘要,RAG架构演进评估,2025-10/2025-10-31-8_【bugfix】RAG架构演进评估-快速摘要.md,/home/qiao/Desktop/Git Repo/Creating-Systematology-RAG/agent-task-log/2025-10/2025-10-31-8_【bugfix】RAG架构演进评估-快速摘要.md
2025-10-31,8,bugfix,调研报告,2025-10-31-8_【bugfix】RAG架构演进评估-调研报告,RAG架构演进评估,2025-10/2025-10-31-8_【bugfix】RAG架构演进评估-调研报告.md,/home/qiao/Desktop/Git Repo/Creating-Systematology-RAG/agent-task-log/2025-10/2025-10-31-8_【bugfix】RAG架构演进评估-调研报告.md
2025-10-31,9,implementation,实施总结,2025-10-31-9_【implementation】三种方案生成效果对比示例-实施总结,三种方案生成效果对比示例,2025-10/2025-10-31-9_【implementation】三种方案生成效果对比示例-实施总结.md,/home/qiao/Desktop/Git Repo/Creating-Systematology-RAG/agent-task-log/2025-10/2025-10-31-9_【implementation】三种方案生成效果对比示例-实施总结.md
2025-10-31,9,plan,实施方案,2025-10-31-9_【plan】模块化RAG实施方案-实施方案,模块化RAG实施方案,2025-10/2025-10-31-9_【plan】模块化RAG实施方案-实施方案.md,/home/qiao/Desktop/Git Repo/Creating-Systematology-RAG/agent-task-log/2025-10/2025-10-31-9_【plan】模块化RAG实施方案-实施方案.md
2025-10-31,9,plan,快速摘要,2025-10-31-9_【plan】模块化RAG实施方案-快速摘要,模块化RAG实施方案,2025-10/2025-10-31-9_【plan】模块化RAG实施方案-快速摘要.md,/home/qiao/Desktop/Git Repo/Creating-Systematology-RAG/agent-task-log/2025-10/2025-10-31-9_【plan】模块化RAG实施方案-快速摘要.md
2025-10-31,10,bugfix,实施方案,2025-10-31-10_【bugfix】Prompt+Markdown实施方案设计-实施方案,Prompt+Markdown实施方案设计,2025-10/2025-10-31-10_【bugfix】Prompt+Markdown实施方案设计-实施方案.md,/home/qiao/Desktop/Git Repo/Creating-Systematology-RAG/agent-task-log/2025-10/2025-10-31-10_【bugfix】Prompt+Markdown实施方案设计-实施方案.md
2025-10-31,11,bugfix,完成总结,2025-10-31-11_【bugfix】Prompt+Markdown实施完成总结-完成总结,Prompt+Markdown实施完成总结,2025-10/2025-10-31-11_【bugfix】Prompt+Markdown实施完成总结-完成总结.md,/home/qiao/Desktop/Git Repo/Creating-Systematology-RAG/agent-task-log/2025-10/2025-10-31-11_【bugfix】Prompt+Markdown实施完成总结-完成总结.md
2025-10-31,11,implementation,完成总结,2025-10-31-11_【implementation】GitHub在线链接功能实施-完成总结,GitHub在线链接功能实施,2025-10/2025-10-31-11_【implementation】GitHub在线链接功能实施-完成总结.md,/home/qiao/Desktop/Git Repo/Creating-Systematology-RAG/agent-task-log/2025-10/2025-10-31-11_【implementation】GitHub在线链接功能实施-完成总结.md
2025-10-31,11,optimization,调研报告,2025-10-31-11_【optimization】RAG提示工程与思维链优化-调研报告,RAG提示工程与思维链优化,2025-10/2025-10-31-11_【optimization】RAG提示工程与思维链优化-调研报告.md,/home/qiao/Desktop/Git Repo/Creating-Systematology-RAG/agent-task-log/2025-10/2025-10-31-11_【optimization】RAG提示工程与思维链优化-调研报告.md
2025-10-31,12,implementation,完成总结,2025-10-31-12_【implementation】Prompt注入完成总结-完成总结,Prompt注入完成总结,2025-10/2025-10-31-12_【implementation】Prompt注入完成总结-完成总结.md,/home/qiao/Desktop/Git Repo/Creating-Systematology-RAG/agent-task-log/2025-10/2025-10-31-12_【implementation】Prompt注入完成总结-完成总结.md
2025-10-31,13,implementation,测试结果,2025-10-31-13_【implementation】Markdown格式化测试结果-测试结果,Markdown格式化测试结果,2025-10/2025-10-31-13_【implementation】Markdown格式化测试结果-测试结果.md,/home/qiao/Desktop/Git Repo/Creating-Systematology-RAG/agent-task-log/2025-10/2025-10-31-13_【implementation】Markdown格式化测试结果-测试结果.md
2025-10-31,13,implementation,快速摘要,2025-10-31-13_【implementation】向量库版本管理实现-快速摘要,向量库版本管理实现,2025-10/2025-10-31-13_【implementation】向量库版本管理实现-快速摘要.md,/home/qiao/Desktop/Git Repo/Creating-Systematology-RAG/agent-task-log/2025-10/2025-10-31-13_【implementation】向量库版本管理实现-快速摘要.md
2025-11-01,1,implementation,完成总结,2025-11-01-1_【implementation】模块化RAG核心实现-完成总结,模块化RAG核心实现,2025-11-01-1_【implementation】模块化RAG核心实现-完成总结.md,/home/qiao/Desktop/Git Repo/Creating-Systematology-RAG/agent-task-log/2025-11-01-1_【implementation】模块化RAG核心实现-完成总结.md
2025-11-01,1,plan,快速摘要,2025-11-01-1_【plan】主流RAG实现范式调研-快速摘要,主流RAG实现范式调研,2025-11-01-1_【plan】主流RAG实现范式调研-快速摘要.md,/home/qiao/Desktop/Git Repo/Creating-Systematology-RAG/agent-task-log/2025-11-01-1_【plan】主流RAG实现范式调研-快速摘要.md
2025-11-01,2,plan,合并方案,2025-11-01-2_【plan】模块化RAG与Embedding可插拔-合并方案,模块化RAG与Embedding可插拔,2025-11-01-2_【plan】模块化RAG与Embedding可插拔-合并方案.md,/home/qiao/Desktop/Git Repo/Creating-Systematology-RAG/agent-task-log/2025-11-01-2_【plan】模块化RAG与Embedding可插拔-合并方案.md
2025-11-01,2,plan,实施方案,2025-11-01-2_【plan】模块化顶层设计-实施方案,模块化顶层设计,2025-11-01-2_【plan】模块化顶层设计-实施方案.md,/home/qiao/Desktop/Git Repo/Creating-Systematology-RAG/agent-task-log/2025-11-01-2_【plan】模块化顶层设计-实施方案.md
2025-11-01,3,implementation,阶段1完成,2025-11-01-3_【implementation】Embedding可插拔架构-阶段1完成,Embedding可插拔架构,2025-11-01-3_【implementation】Embedding可插拔架构-阶段1完成.md,/home/qiao/Desktop/Git Repo/Creating-Systematology-RAG/agent-task-log/2025-11-01-3_【implementation】Embedding可插拔架构-阶段1完成.md
2025-11-01,3,plan,技术分析,2025-11-01-3_【plan】模块化技术方案评估-技术分析,模块化技术方案评估,2025-11-01-3_【plan】模块化技术方案评估-技术分析.md,/home/qiao/Desktop/Git Repo/Creating-Systematology-RAG/agent-task-log/2025-11-01-3_【plan】模块化技术方案评估-技术分析.md
2025-11-01,4,implementation,实施总结,2025-11-01-4_【implementation】Embedding可插拔架构-实施总结,Embedding可插拔架构,2025-11-01-4_【implementation】Embedding可插拔架构-实施总结.md,/home/qiao/Desktop/Git Repo/Creating-Systematology-RAG/agent-task-log/2025-11-01-4_【implementation】Embedding可插拔架构-实施总结.md
2025-11-01,4,implementation,快速摘要,2025-11-01-4_【implementation】Embedding可插拔架构-快速摘要,Embedding可插拔架构,2025-11-01-4_【implementation】Embedding可插拔架构-快速摘要.md,/home/qiao/Desktop/Git Repo/Creating-Systematology-RAG/agent-task-log/2025-11-01-4_【implementation】Embedding可插拔架构-快速摘要.md
2025-11-01,5,implementation,完成总结,2025-11-01-5_【implementation】模块化RAG与Embedding可插拔-完成总结,模块化RAG与Embedding可插拔,2025-11-01-5_【implementation】模块化RAG与Embedding可插拔-完成总结.md,/home/qiao/Desktop/Git Repo/Creating-Systematology-RAG/agent-task-log/2025-11-01-5_【implementation】模块化RAG与Embedding可插拔-完成总结.md
2025-11-01,6,plan,设计方案,2025-11-01-6_【plan】重排序模块纳入模块化RAG-设计方案,重排序模块纳入模块化RAG,2025-11-01-6_【plan】重排序模块纳入模块化RAG-设计方案.md,/home/qiao/Desktop/Git Repo/Creating-Systematology-RAG/agent-task-log/2025-11-01-6_【plan】重排序模块纳入模块化RAG-设计方案.md
2025-11-01,7,bugfix,设计方案,2025-11-01-7_【bugfix】可观测性纳入模块化RAG-设计方案,可观测性纳入模块化RAG,2025-11-01-7_【bugfix】可观测性纳入模块化RAG-设计方案.md,/home/qiao/Desktop/Git Repo/Creating-Systematology-RAG/agent-task-log/2025-11-01-7_【bugfix】可观测性纳入模块化RAG-设计方案.md
2025-11-01,8,bugfix,完成总结,2025-11-01-8_【bugfix】可观测性模块化-完成总结,可观测性模块化,2025-11-01-8_【bugfix】可观测性模块化-完成总结.md,/home/qiao/Desktop/Git Repo/Creating-Systematology-RAG/agent-task-log/2025-11-01-8_【bugfix】可观测性模块化-完成总结.md
2025-11-01,8,bugfix,快速摘要,2025-11-01-8_【bugfix】可观测性模块化-快速摘要,可观测性模块化,2025-11-01-8_【bugfix】可观测性模块化-快速摘要.md,/home/qiao/Desktop/Git Repo/Creating-Systematology-RAG/agent-task-log/2025-11-01-8_【bugfix】可观测性模块化-快速摘要.md
2025-11-01,9,bugfix,实施总结,2025-11-01-9_【bugfix】模块化RAG-实施总结,模块化RAG,2025-11-01-9_【bugfix】模块化RAG-实施总结.md,/home/qiao/Desktop/Git Repo/Creating-Systematology-RAG/agent-task-log/2025-11-01-9_【bugfix】模块化RAG-实施总结.md
2025-11-01,10,maintenance,实施方案,2025-11-01-10_【maintenance】模块化架构整理与迁移指南-实施方案,模块化架构整理与迁移指南,2025-11-01-10_【maintenance】模块化架构整理与迁移指南-实施方案.md,/home/qiao/Desktop/Git Repo/Creating-Systematology-RAG/agent-task-log/2025-11-01-10_【maintenance】模块化架构整理与迁移指南-实施方案.md
2025-11-01,10,plan,完成总结,2025-11-01-10_【plan】TaskLog批量重命名-完成总结,TaskLog批量重命名,2025-11-01-10_【plan】TaskLog批量重命名-完成总结.md,/home/qiao/Desktop/Git Repo/Creating-Systematology-RAG/agent-task-log/2025-11-01-10_【plan】TaskLog批量重命名-完成总结.md
2025-11-01,11,documentation,未标注,2025-11-01-11_【documentation】模块化架构文档索引,模块化架构文档索引,2025-11-01-11_【documentation】模块化架构文档索引.md,/home/qiao/Desktop/Git Repo/Creating-Systematology-RAG/agent-task-log/2025-11-01-11_【documentation】模块化架构文档索引.md
2025-11-01,12,documentation,完成总结,2025-11-01-12_【documentation】模块化架构确立与文档整理-完成总结,模块化架构确立与文档整理,2025-11-01-12_【documentation】模块化架构确立与文档整理-完成总结.md,/home/qiao/Desktop/Git Repo/Creating-Systematology-RAG/agent-task-log/2025-11-01-12_【documentation】模块化架构确立与文档整理-完成总结.md
2025-11-01,19,implementation,完成总结,2025-11-01-19_【implementation】项目文档全面简化-完成总结,项目文档全面简化,2025-11-01-19_【implementation】项目文档全面简化-完成总结.md,/home/qiao/Desktop/Git Repo/Creating-Systematology-RAG/agent-task-log/2025-11-01-19_【implementation】项目文档全面简化-完成总结.md
2025-11-01,20,documentation,设计文档,2025-11-01-20_【documentation】模块化RAG架构核心思路-设计文档,模块化RAG架构核心思路,2025-11-01-20_【documentation】模块化RAG架构核心思路-设计文档.md,/home/qiao/Desktop/Git Repo/Creating-Systematology-RAG/agent-task-log/2025-11-01-20_【documentation】模块化RAG架构核心思路-设计文档.md
2025-11-01,20,implementation,归档记录,2025-11-01-20_【implementation】月度任务日志归档-归档记录,月度任务日志归档,2025-11-01-20_【implementation】月度任务日志归档-归档记录.md,/home/qiao/Desktop/Git Repo/Creating-Systematology-RAG/agent-task-log/2025-11-01-20_【implementation】月度任务日志归档-归档记录.md
2025-11-01,21,documentation,实施总结,2025-11-01-21_【documentation】Grep检索器和多策略检索框架-实施总结,Grep检索器和多策略检索框架,2025-11-01-21_【documentation】Grep检索器和多策略检索框架-实施总结.md,/home/qiao/Desktop/Git Repo/Creating-Systematology-RAG/agent-task-log/2025-11-01-21_【documentation】Grep检索器和多策略检索框架-实施总结.md
2025-11-01,22,documentation,实施总结,2025-11-01-22_【documentation】Reranker模块和RAGAS评估器-实施总结,Reranker模块和RAGAS评估器,2025-11-01-22_【documentation】Reranker模块和RAGAS评估器-实施总结.md,/home/qiao/Desktop/Git Repo/Creating-Systematology-RAG/agent-task-log/2025-11-01-22_【documentation】Reranker模块和RAGAS评估器-实施总结.md
2025-11-01,23,documentation,最终总结,2025-11-01-23_【documentation】模块化RAG架构实施-最终总结,模块化RAG架构实施,2025-11-01-23_【documentation】模块化RAG架构实施-最终总结.md,/home/qiao/Desktop/Git Repo/Creating-Systematology-RAG/agent-task-log/2025-11-01-23_【documentation】模块化RAG架构实施-最终总结.md
2025-11-01,24,documentation,完整总结,2025-11-01-24_【documentation】模块化RAG架构实施-完整总结,模块化RAG架构实施,2025-11-01-24_【documentation】模块化RAG架构实施-完整总结.md,/home/qiao/Desktop/Git Repo/Creating-Systematology-RAG/agent-task-log/2025-11-01-24_【documentation】模块化RAG架构实施-完整总结.md
2025-11-01,25,documentation,实施总结,2025-11-01-25_【documentation】P1迁移-流水线编排与协议对接-实施总结,P1迁移-流水线编排与协议对接,2025-11-01-25_【documentation】P1迁移-流水线编排与协议对接-实施总结.md,/home/qiao/Desktop/Git Repo/Creating-Systematology-RAG/agent-task-log/2025-11-01-25_【documentation】P1迁移-流水线编排与协议对接-实施总结.md
2025-11-01,26,documentation,实施总结,2025-11-01-26_【documentation】P2迁移-ModuleRegistry和配置驱动-实施总结,P2迁移-ModuleRegistry和配置驱动,2025-11-01-26_【documentation】P2迁移-ModuleRegistry和配置驱动-实施总结.md,/home/qiao/Desktop/Git Repo/Creating-Systematology-RAG/agent-task-log/2025-11-01-26_【documentation】P2迁移-ModuleRegistry和配置驱动-实施总结.md
2025-11-01,27,documentation,实施总结,2025-11-01-27_【documentation】P3迁移-事件钩子和策略管理-实施总结,P3迁移-事件钩子和策略管理,2025-11-01-27_【documentation】P3迁移-事件钩子和策略管理-实施总结.md,/home/qiao/Desktop/Git Repo/Creating-Systematology-RAG/agent-task-log/2025-11-01-27_【documentation】P3迁移-事件钩子和策略管理-实施总结.md
2025-11-01,28,documentation,最终总结,2025-11-01-28_【documentation】模块化RAG架构实施-最终总结,模块化RAG架构实施,2025-11-01-28_【documentation】模块化RAG架构实施-最终总结.md,/home/qiao/Desktop/Git Repo/Creating-Systematology-RAG/agent-task-log/2025-11-01-28_【documentation】模块化RAG架构实施-最终总结.md
2025-11-01,29,testing,实施总结,2025-11-01-29_【testing】单元测试补充-实施总结,单元测试补充,2025-11-01-29_【testing】单元测试补充-实施总结.md,/home/qiao/Desktop/Git Repo/Creating-Systematology-RAG/agent-task-log/2025-11-01-29_【testing】单元测试补充-实施总结.md
2025-11-01,30,optimization,实施总结,2025-11-01-30_【optimization】性能基准测试-实施总结,性能基准测试,2025-11-01-30_【optimization】性能基准测试-实施总结.md,/home/qiao/Desktop/Git Repo/Creating-Systematology-RAG/agent-task-log/2025-11-01-30_【optimization】性能基准测试-实施总结.md
2025-11-01,31,documentation,实施总结,2025-11-01-31_【documentation】P0迁移-前端层兼容层-实施总结,P0迁移-前端层兼容层,2025-11-01-31_【documentation】P0迁移-前端层兼容层-实施总结.md,/home/qiao/Desktop/Git Repo/Creating-Systematology-RAG/agent-task-log/2025-11-01-31_【documentation】P0迁移-前端层兼容层-实施总结.md
2025-11-01,32,documentation,完整完成总结,2025-11-01-32_【documentation】模块化RAG架构实施-完整完成总结,模块化RAG架构实施,2025-11-01-32_【documentation】模块化RAG架构实施-完整完成总结.md,/home/qiao/Desktop/Git Repo/Creating-Systematology-RAG/agent-task-log/2025-11-01-32_【documentation】模块化RAG架构实施-完整完成总结.md
2025-11-01,33,documentation,完成总结,2025-11-01-33_【documentation】前端层完全迁移-完成总结,前端层完全迁移,2025-11-01-33_【documentation】前端层完全迁移-完成总结.md,/home/qiao/Desktop/Git Repo/Creating-Systematology-RAG/agent-task-log/2025-11-01-33_【documentation】前端层完全迁移-完成总结.md
2025-11-01,34,testing,测试方案,2025-11-01-34_【testing】模块化RAG项目全面测试规划-测试方案,模块化RAG项目全面测试规划,2025-11-01-34_【testing】模块化RAG项目全面测试规划-测试方案.md,/home/qiao/Desktop/Git Repo/Creating-Systematology-RAG/agent-task-log/2025-11-01-34_【testing】模块化RAG项目全面测试规划-测试方案.md
2025-11-02,1,bugfix,完成总结,2025-11-02-1_【bugfix】修复chat-manager导入错误-完成总结,修复chat-manager导入错误,2025-11-02-1_【bugfix】修复chat-manager导入错误-完成总结.md,/home/qiao/Desktop/Git Repo/Creating-Systematology-RAG/agent-task-log/2025-11-02-1_【bugfix】修复chat-manager导入错误-完成总结.md
2025-11-02,2,documentation,状态报告,2025-11-02-2_【documentation】项目架构和功能状态评估-状态报告,项目架构和功能状态评估,2025-11-02-2_【documentation】项目架构和功能状态评估-状态报告.md,/home/qiao/Desktop/Git Repo/Creating-Systematology-RAG/agent-task-log/2025-11-02-2_【documentation】项目架构和功能状态评估-状态报告.md
2025-11-02,3,bugfix,完成总结,2025-11-02-3_【bugfix】修复测试导入错误-完成总结,修复测试导入错误,2025-11-02-3_【bugfix】修复测试导入错误-完成总结.md,/home/qiao/Desktop/Git Repo/Creating-Systematology-RAG/agent-task-log/2025-11-02-3_【bugfix】修复测试导入错误-完成总结.md
2025-11-02,4,plan,完成总结,2025-11-02-4_【plan】Cursor规则设计与实施-完成总结,Cursor规则设计与实施,2025-11-02-4_【plan】Cursor规则设计与实施-完成总结.md,/home/qiao/Desktop/Git Repo/Creating-Systematology-RAG/agent-task-log/2025-11-02-4_【plan】Cursor规则设计与实施-完成总结.md
2025-11-03,1,documentation,完成总结,2025-11-03-1_【documentation】枚举规则添加到AGENTS-完成总结,枚举规则添加到AGENTS,2025-11-03-1_【documentation】枚举规则添加到AGENTS-完成总结.md,/home/qiao/Desktop/Git Repo/Creating-Systematology-RAG/agent-task-log/2025-11-03-1_【documentation】枚举规则添加到AGENTS-完成总结.md
2025-11-03,2,analysis,详细过程,2025-11-03-2_【analysis】AGENTS与规则同步分析-详细过程,AGENTS与规则同步分析,2025-11-03-2_【analysis】AGENTS与规则同步分析-详细过程.md,/home/qiao/Desktop/Git Repo/Creating-Systematology-RAG/agent-task-log/2025-11-03-2_【analysis】AGENTS与规则同步分析-详细过程.md
2025-11-03,2,documentation,详细过程,2025-11-03-2_【documentation】AGENTS与规范同步冗余分析-详细过程,AGENTS与规范同步冗余分析,2025-11-03-2_【documentation】AGENTS与规范同步冗余分析-详细过程.md,/home/qiao/Desktop/Git Repo/Creating-Systematology-RAG/agent-task-log/2025-11-03-2_【documentation】AGENTS与规范同步冗余分析-详细过程.md
2025-11-03,3,documentation,分析报告,2025-11-03-3_【documentation】文档长度限制分析与拆分建议-分析报告,文档长度限制分析与拆分建议,2025-11-03-3_【documentation】文档长度限制分析与拆分建议-分析报告.md,/home/qiao/Desktop/Git Repo/Creating-Systematology-RAG/agent-task-log/2025-11-03-3_【documentation】文档长度限制分析与拆分建议-分析报告.md
2025-11-03,4,refactor,完成总结,2025-11-03-4_【refactor】测试体系Agent整合与可读性提升-完成总结,测试体系Agent整合与可读性提升,2025-11-03-4_【refactor】测试体系Agent整合与可读性提升-完成总结.md,/home/qiao/Desktop/Git Repo/Creating-Systematology-RAG/agent-task-log/2025-11-03-4_【refactor】测试体系Agent整合与可读性提升-完成总结.md
2025-11-04,1,documentation,完成总结,2025-11-04-1_【documentation】规则执行校验机制创建-完成总结,规则执行校验机制创建,2025-11-04-1_【documentation】规则执行校验机制创建-完成总结.md,/home/qiao/Desktop/Git Repo/Creating-Systematology-RAG/agent-task-log/2025-11-04-1_【documentation】规则执行校验机制创建-完成总结.md
2025-11-04,1,implementation,实施方案,2025-11-04-1_【implementation】files-via-content-和-files-via-metadata-检索器实现-实施方案,files-via-content-和-files-via-metadata-检索器实现,2025-11-04-1_【implementation】files-via-content-和-files-via-metadata-检索器实现-实施方案.md,/home/qiao/Desktop/Git Repo/Creating-Systematology-RAG/agent-task-log/2025-11-04-1_【implementation】files-via-content-和-files-via-metadata-检索器实现-实施方案.md
2025-11-04,1,maintenance,实施总结,2025-11-04-1_【maintenance】集成ChromaCloudDB-实施总结,集成ChromaCloudDB,2025-11-04-1_【maintenance】集成ChromaCloudDB-实施总结.md,/home/qiao/Desktop/Git Repo/Creating-Systematology-RAG/agent-task-log/2025-11-04-1_【maintenance】集成ChromaCloudDB-实施总结.md
2025-11-04,1,maintenance,规则执行日志,2025-11-04-1_【maintenance】集成ChromaCloudDB-规则执行日志,集成ChromaCloudDB,2025-11-04-1_【maintenance】集成ChromaCloudDB-规则执行日志.md,/home/qiao/Desktop/Git Repo/Creating-Systematology-RAG/agent-task-log/2025-11-04-1_【maintenance】集成ChromaCloudDB-规则执行日志.md
2025-11-05,1,documentation,完成总结,2025-11-05-1_【documentation】规则设计合理性分析-完成总结,规则设计合理性分析,2025-11-05-1_【documentation】规则设计合理性分析-完成总结.md,/home/qiao/Desktop/Git Repo/Creating-Systematology-RAG/agent-task-log/2025-11-05-1_【documentation】规则设计合理性分析-完成总结.md
2025-11-09,1,analysis,任务优化分析,2025-11-09-1_【analysis】Agent任务日志结构重组-任务优化分析,Agent任务日志结构重组,2025-11-09-1_【analysis】Agent任务日志结构重组-任务优化分析.md,/home/qiao/Desktop/Git Repo/Creating-Systematology-RAG/agent-task-log/2025-11-09-1_【analysis】Agent任务日志结构重组-任务优化分析.md
2025-11-09,1,documentation,完成总结,2025-11-09-1_【documentation】Agent任务日志结构重组-完成总结,Agent任务日志结构重组,2025-11-09-1_【documentation】Agent任务日志结构重组-完成总结.md,/home/qiao/Desktop/Git Repo/Creating-Systematology-RAG/agent-task-log/2025-11-09-1_【documentation】Agent任务日志结构重组-完成总结.md
2025-11-09,1,documentation,规则执行日志,2025-11-09-1_【documentation】Agent任务日志结构重组-规则执行日志,Agent任务日志结构重组,2025-11-09-1_【documentation】Agent任务日志结构重组-规则执行日志.md,/home/qiao/Desktop/Git Repo/Creating-Systematology-RAG/agent-task-log/2025-11-09-1_【documentation】Agent任务日志结构重组-规则执行日志.md
2025-11-09,1,documentation,规则说明,Task Type 枚举说明,Task Type 枚举说明,TASK_TYPES.md,/home/qiao/Desktop/Git Repo/Creating-Systematology-RAG/agent-task-log/TASK_TYPES.md
2025-11-09,2,analysis,任务优化分析,2025-11-09-2_【analysis】Cursor规则精简重构-任务优化分析,Cursor规则精简重构,2025-11-09-2_【analysis】Cursor规则精简重构-任务优化分析.md,/home/qiao/Desktop/Git Repo/Creating-Systematology-RAG/agent-task-log/2025-11-09-2_【analysis】Cursor规则精简重构-任务优化分析.md
2025-11-09,2,documentation,完成总结,2025-11-09-2_【documentation】Cursor规则精简重构-完成总结,Cursor规则精简重构,2025-11-09-2_【documentation】Cursor规则精简重构-完成总结.md,/home/qiao/Desktop/Git Repo/Creating-Systematology-RAG/agent-task-log/2025-11-09-2_【documentation】Cursor规则精简重构-完成总结.md
2025-11-09,2,documentation,规则执行日志,2025-11-09-2_【documentation】Cursor规则精简重构-规则执行日志,Cursor规则精简重构,2025-11-09-2_【documentation】Cursor规则精简重构-规则执行日志.md,/home/qiao/Desktop/Git Repo/Creating-Systematology-RAG/agent-task-log/2025-11-09-2_【documentation】Cursor规则精简重构-规则执行日志.md
2025-11-09,3,documentation,完成总结,2025-11-09-3_【documentation】任务中-架构设计生成规范元数据补全-完成总结,任务中-架构设计生成规范元数据补全,2025-11-09-3_【documentation】任务中-架构设计生成规范元数据补全-完成总结.md,/home/qiao/Desktop/Git Repo/Creating-Systematology-RAG/agent-task-log/2025-11-09-3_【documentation】任务中-架构设计生成规范元数据补全-完成总结.md
2025-11-09,4,documentation,完成总结,2025-11-09-4_【documentation】规则与命令分层重构-完成总结,规则与命令分层重构,2025-11-09-4_【documentation】规则与命令分层重构-完成总结.md,/home/qiao/Desktop/Git Repo/Creating-Systematology-RAG/agent-task-log/2025-11-09-4_【documentation】规则与命令分层重构-完成总结.md
2025-11-09,5,documentation,完成总结,2025-11-09-5_【documentation】规则触发命令体系重构-完成总结,规则触发命令体系重构,2025-11-09-5_【documentation】规则触发命令体系重构-完成总结.md,/home/qiao/Desktop/Git Repo/Creating-Systematology-RAG/agent-task-log/2025-11-09-5_【documentation】规则触发命令体系重构-完成总结.md
2025-11-09,6,documentation,完成总结,2025-11-09-6_【documentation】测试与诊断规范合并-完成总结,测试与诊断规范合并,2025-11-09-6_【documentation】测试与诊断规范合并-完成总结.md,/home/qiao/Desktop/Git Repo/Creating-Systematology-RAG/agent-task-log/2025-11-09-6_【documentation】测试与诊断规范合并-完成总结.md
2025-11-09,7,analysis,现状盘点,2025-11-09-7_【analysis】Agent任务日志Notion同步-现状盘点,Agent任务日志Notion同步,2025-11-09-7_【analysis】Agent任务日志Notion同步-现状盘点.md,/home/qiao/Desktop/Git Repo/Creating-Systematology-RAG/agent-task-log/2025-11-09-7_【analysis】Agent任务日志Notion同步-现状盘点.md
